variable,count,mean,std,min,25%,50%,75%,max,original
dummy1,1000.0,0.00041410883848667874,0.010940240691689366,-0.0316664507658865,-0.007172016439711775,-0.0001435059474471,0.0072080707916171,0.0348555009792008,0.0003465791273261
dummy2,1000.0,0.00024540256203699,0.010665240268331194,-0.0369646578852065,-0.007182531386385,0.0005969139637212501,0.0079147164859512,0.0394653941994813,-0.01206980561633
x1,1000.0,-0.005368907486287814,2.9701044769856035,-9.198855645482444,-2.00338919214219,0.050606251410985154,1.8890800434877097,28.206326082560743,28.206326082560743
x2,1000.0,-0.33452917752420164,7.884321818317351,-27.086441797117285,-5.6090341441031875,-0.5403271848114761,4.532667021738354,75.05045019262957,75.05045019262957
x3,1000.0,-0.02478839879137119,1.856657054383777,-5.811300067095235,-1.288250000264195,-0.05917935146549795,1.1358208358175899,17.755235510679416,17.755235510679416
